[
  {
    "model" : "bet.tag",
    "pk" : "1",
    "fields": {"title" : "Αρθρα"
  }},
  {
    "model" : "bet.tag",
    "pk" : "2",
    "fields": {"title" : "προτάσεις ποδοσφαίρου"
  }},
  {
    "model" : "bet.tag",
    "pk" : "3",
    "fields": {"title" : "Προτασεις μπάσκετ"
  }},
  {
    "model" : "bet.tag",
    "pk" : "4",
    "fields": {"title" : "Προγνωστικά"
  }},
  {
    "model" : "bet.tag",
    "pk" : "5",
    "fields": {"title" : "Προτάσεις Βόλλευ"
  }},
  {
    "model" : "bet.tag",
    "pk" : "6",
    "fields": {"title" : "Προτάσεις Τένις"
  }}
]